type,max_depth,learning_rate,min_child_weight,auc,sn,sp,acc
dhtnn,none,none,none,0.842417425,0.857142857,0.645669291,0.725490196
dhtnn+morgan+xgb,4,0.2,2,0.825135494,0.779220779,0.763779528,0.769607843
dhtnn+xgb,6,0.2,4,0.747111157,0.74025974,0.614173228,0.661764706
morgan+xgb,6,0.15,8,0.805808365,0.727272727,0.771653543,0.754901961
